<?xml version="1.0" encoding="UTF-8"?>
<project-private xmlns="http://www.netbeans.org/ns/project-private/1">
    <editor-bookmarks xmlns="http://www.netbeans.org/ns/editor-bookmarks/2" lastBookmarkId="0"/>
    <open-files xmlns="http://www.netbeans.org/ns/projectui-open-files/2">
        <group>
            <file>file:/D:/Users/7-Software%20Engineering/Assessment%203/ToDoApp_v02/src/todoapp_v02/TaskDetailsUI.java</file>
            <file>file:/D:/Users/7-Software%20Engineering/Assessment%203/ToDoApp_v02/src/todoapp_v02/ToDoApp_v02.java</file>
            <file>file:/D:/Users/7-Software%20Engineering/Assessment%203/ToDoApp_v02/src/todoapp_v02/ToDoTaskUI.java</file>
            <file>file:/D:/Users/7-Software%20Engineering/Assessment%203/ToDoApp_v02/src/todoapp_v02/DbConnection.java</file>
            <file>file:/D:/Users/7-Software%20Engineering/Assessment%203/ToDoApp_v02/src/todoapp_v02/WeeklyCalenderUI.java</file>
        </group>
    </open-files>
</project-private>
